Category_ID,Category
0,WARRANTS
1,OTHER OFFENSES
2,LARCENY/THEFT
3,VEHICLE THEFT
4,VANDALISM
5,NON-CRIMINAL
6,ROBBERY
7,ASSAULT
8,WEAPON LAWS
9,BURGLARY
10,SUSPICIOUS OCC
11,DRUNKENNESS
12,FORGERY/COUNTERFEITING
13,DRUG/NARCOTIC
14,STOLEN PROPERTY
15,SECONDARY CODES
16,TRESPASS
17,MISSING PERSON
18,FRAUD
19,KIDNAPPING
20,RUNAWAY
21,DRIVING UNDER THE INFLUENCE
22,SEX OFFENSES FORCIBLE
23,PROSTITUTION
24,DISORDERLY CONDUCT
25,ARSON
26,FAMILY OFFENSES
27,LIQUOR LAWS
28,BRIBERY
29,EMBEZZLEMENT
30,SUICIDE
31,LOITERING
32,SEX OFFENSES NON FORCIBLE
33,EXTORTION
34,GAMBLING
35,BAD CHECKS
36,TREA
37,RECOVERED VEHICLE
38,PORNOGRAPHY/OBSCENE MAT
